,beta,cum return,rtn mean,rtn std
FUCVREIT,-0.1525942129189195,-0.42532146389713155,0.00021970223821364893,0.04563703597432589
VPD,0.44033736650909905,0.03779207167957921,0.0002398512538817109,0.019111794936185436
VPG,0.4017080243800413,0.8007657037362106,0.0011810376329331473,0.023927111060348373
VPH,0.48584499698864836,0.08902541862426205,0.00035024602325973015,0.023819856620085574
VPI,0.18423253240022897,-0.024186822351960013,-1.650632854832045e-05,0.007463762948197814
VPS,0.18208361702368966,0.5539229111346615,0.0013360681561601165,0.04135682347548961
VRC,0.7529068833806044,0.2565089427213041,0.0006709273338557891,0.0311647320102187
VRE,1.7612080997557227,-0.11666822182824788,0.00012347794932471873,0.024501985418803066
VSC,0.7925560540584495,0.05604976520392113,0.00023546529555598767,0.019624524007143623
VSH,0.22506669406857,0.4903712458286986,0.00043048664211944545,0.014627644355182655
VSI,0.12937295225440243,1.2181750256841317,0.001200401636141233,0.03157724086077492
VTB,0.05661625325657337,0.17014925373134338,0.0007911042025682619,0.03625593377950336
VTO,0.4502658381335829,0.7843388960205393,0.0006012710427505519,0.016521575369418593
YBM,0.7656069346177478,-0.7193382146067647,-0.0019104034238520903,0.033600075537832085
YEG,0.7801541490498246,-0.836,-0.002599034141049441,0.036296534330913996
VGC,1.006130589794054,0.1734042783293317,0.0006679321960636752,0.018793509998545822
VHC,0.888483918176003,1.6001571593762178,0.0010670329831573737,0.024589075969280248
VHM,1.3272684822158984,-0.10587534917800068,1.8182493468469073e-05,0.020566785337587056
VIC,0.9167286244874163,2.562501230145452,0.0011731140091014915,0.017661031090929435
VID,0.08452459398214843,0.5566672208200465,0.0010172463445999713,0.03555812963478057
VIP,0.5006233566410874,0.031109855573996148,0.0001569187065584451,0.016340956939328178
VIS,0.24799728664166765,1.0863538314650447,0.0009985800630485083,0.026248817762172277
VJC,0.9441259265226576,0.746201188734696,0.0007981144128362864,0.01833064056534042
VND,1.4934073414286868,-0.2332044049173463,-6.024291707421244e-05,0.023951559427471222
VNE,0.5376930767733852,-0.3087613002500481,4.8640513054263096e-06,0.024581829717157645
VNG,0.4672708416918782,0.5311103118738119,0.000651552844832158,0.024930732878691884
VNL,0.16752041029952336,-0.07034885553116177,0.0007278582072277763,0.04019798390072649
VNM,0.8021808634542036,1.1780099591120985,0.0007439092058662315,0.015540731126132377
VNS,0.47716650221738527,-0.5164320978557218,-0.00032190664948216136,0.0231958619700535
VOS,0.6227774114126445,-0.47931034482758617,-1.5679871436806193e-05,0.031946113318086944
VPB,1.8313266091278324,-0.054020413243714094,0.00021496649018353358,0.023981485515212748
TS4,0.3343024909075931,-0.5874577237081728,-0.0003722601161629331,0.02661897821596212
TSC,0.9604903384592075,-0.7753731343283582,-0.0006366921010201872,0.033449377293886785
TTB,1.20337946212239,-0.770464135021097,-0.0023984188702721905,0.029900029551529803
TTF,0.8743796026797189,-0.7151162790697674,-0.0003420718566441489,0.036410010591529055
TV2,1.3883801095922412,-0.0883786175670267,2.2110020966223832e-07,0.02412882575628936
TVB,0.4891328966444712,-0.366825160495013,-0.0005392489642366455,0.02403374307499946
TVS,0.20620505499049674,0.7781821189314366,0.0006786115849997064,0.019409031220906977
TVT,0.28566360303372723,0.09737572678225348,0.0003823968341648765,0.022823865767755015
TYA,0.3580252705812057,1.225112967273723,0.0008979279396048208,0.022446015131619316
UDC,0.3821681189147785,0.4723863867943754,0.0009696582642899887,0.036043668489435514
UIC,0.09447429051640271,2.4261281097822813,0.0012550449529768772,0.022304230078397814
VAF,0.10211321805108431,-0.01830571115089219,0.0010872476598740664,0.04708908928594914
VCB,1.311156946029816,1.7324859631430578,0.0009800337496635805,0.018715676047149746
VCF,0.20650238155023184,0.7310974008926228,0.0009624034048834857,0.028680801271549195
VCI,1.3772241028955425,-0.2687905058496759,-0.00011019341514491938,0.02379391850801467
VDP,0.39823208719236436,0.1500332724759843,0.0006369396793754999,0.029591145413622573
VDS,0.7158343947596423,-0.37849070086691616,-0.00026429159863063524,0.028031342096464677
VFG,0.20013262024154949,1.440223770899208,0.001042115791316332,0.023687839158008407
TNA,0.5484411109669375,0.9007210477264924,0.0008427097451997058,0.02551188708016079
TNC,0.11494563065583258,2.256683280471228,0.0018232863663890674,0.0351848357841596
TNI,0.3736222333819307,-0.7571044931660588,-0.0013691592033645973,0.02634785061711848
TNT,0.5849251434240351,-0.8102715860818099,-0.0007229411717657826,0.0348552574707262
TPB,0.9670300311971513,-0.22205678148997043,-0.00024115068759995013,0.018861118750331425
TPC,0.3452474017630864,1.0071836044791884,0.0014037473603043921,0.03648902237168247
TRA,0.376556334471229,0.40727979326508956,0.0004602683788564604,0.018860625587031613
TLD,0.3357153845807084,0.15089034676663537,0.000612328688365588,0.02856872972444882
TLG,0.27116561750774865,0.5070278439313474,0.0005832602206479361,0.021853616547431922
TLH,0.8107304104570783,0.24550235261555486,0.0004823369382888763,0.024830619706267845
TMP,0.03061133504524541,1.0285747079401357,0.001049257380681136,0.025479621920392836
TMS,0.17545617462939964,-0.12480333474603333,0.00029070140480647093,0.02839908066971806
TMT,0.5268710157668035,-0.8371590895383761,-0.0008602120228427594,0.03585619738593841
TN1,0.2696973940138936,0.8514154912983471,0.0022646924893731882,0.024167031906587675
STK,0.640169055362988,-0.04815055963786319,0.00038771642386550923,0.02931947589913115
SVC,0.4003375740865589,4.237964152443873,0.0016883372874992404,0.025573671064727372
SVI,-0.015403979526579183,1.3490238105595345,0.0016437286498649155,0.036080519617673744
SVT,-0.13558090102996004,0.1538372781747832,0.0015728896547510393,0.05177320809399904
SZC,1.341471127230297,1.6041177023596878,0.002800355227957257,0.03092915604019415
SZL,0.5281104512192436,2.932210485396249,0.0014138532627283485,0.02399925322195096
TAC,0.3644049098889574,2.3265340006166837,0.0014993335224006202,0.029804200766501622
TBC,0.13791434670116934,0.40014738393515126,0.0006135839397842485,0.02331817871684888
TCB,1.4960548339273896,-0.37151881488079364,-0.0006098233583029146,0.020185702487790513
TCD,-0.03191673299390035,0.006461482719056333,0.00044207116517076036,0.029440125365892376
TCH,0.7834726537647426,0.5118325133766652,0.0007847230636965184,0.02694964938688673
TCL,0.41705713442163767,1.1416778293511105,0.0008091821517898215,0.018863227354243627
TCM,1.093855908914601,-0.03525108639116792,0.00028747942389945627,0.02520052090540373
TCO,0.2944103383551289,0.7494496522968817,0.0018092167721738028,0.047142458945671505
TCR,0.07166722450500476,-0.3106515454747609,0.0002826082300105791,0.035222549831987277
TCT,0.3698944118824382,-0.4466757819176209,-0.0003093590817550373,0.021458450878209162
TDC,0.5997112857497098,1.1490323214461147,0.0007762956067255056,0.018150568783637418
TDG,0.8319396620476339,-0.8230487970026633,-0.0016358062734841434,0.03164356148368955
TDH,0.8911066298825607,0.43947814361983206,0.0005265617792885771,0.021715008682742284
TDM,0.9013416391053293,0.2088206676065849,0.0006092402839913952,0.020217143702470654
TEG,0.6385761729836053,-0.34083621823941956,-0.0001770335770771024,0.03346545885648342
TGG,0.8081861973019026,-0.9056657944170556,-0.003312031247635185,0.03941677650194879
THG,0.2877857644787854,4.624552961831069,0.0015730268010426696,0.019411176588320898
THI,0.35674759463537503,-0.12766249695766263,0.00034042371960940724,0.03309659754265747
TIP,0.6870199455003746,1.2002290201210535,0.0011373874180766312,0.02562516979439516
SKG,0.6876770040954279,-0.5679165874188624,-0.0004661195405493599,0.020272361249830124
SMA,0.3578625834970255,2.2910602320764886,0.0019644389170516306,0.04059719723933522
SMB,0.4092498379968345,0.24741832957987397,0.0005432607519219847,0.01567417595472757
SMC,0.4222755152064604,1.9522038201517433,0.0011927448602133638,0.02492174954676395
SPM,0.04926456813120337,-0.22624197302204296,0.00018539190795602983,0.02926132301227457
SRC,0.3984125427892258,0.10604175307617858,0.0004196889996592463,0.02607614344753603
SRF,0.27894536255824465,0.8649703628740781,0.0008556698569516267,0.026290319379219856
SSC,0.10955142987484515,0.4717210208693612,0.0011959449641288447,0.04008701075292147
SSI,1.3685753250989532,-0.055721375250963656,0.00015456792780225856,0.02002683295230631
ST8,0.19123122137450396,0.0806090705670468,0.0005080554352206232,0.029547445502798777
STB,1.1876496500055307,-0.10671558462274688,0.00017332362740323662,0.02301712990866955
STG,0.2522929492687387,1.0428231122929477,0.0010803784074324729,0.030863768739780528
SFG,0.4070207192263922,-0.34583054900995314,-0.00014400007718958331,0.020169624273517647
SFI,0.10897251210397797,0.06365307226946615,0.0003486864313907895,0.02442832079042962
SGN,0.5630002619697695,-0.31786769612048416,-0.0005768877953379882,0.017861003627225498
SGR,0.13961423704261983,-0.10348216529688248,0.0003817522845295383,0.03481649623062761
SGT,0.332886304124099,0.5277777777777777,0.00129108900961773,0.042308301856697005
SHA,0.19520261434911582,-0.24055042675492078,-0.00015618161204963014,0.016965527930642536
SHI,0.49432448310885363,0.1970862411492027,0.00035950012393600177,0.02079563112939864
SHP,0.18543685286312225,0.726949303290839,0.0007424617945982389,0.021790871282038528
SII,0.17660590713030155,-0.4147157190635451,0.0004919122757878727,0.048909294430708045
SJD,0.26483934558020866,0.6916566926462409,0.00047696892198686514,0.010512363296802708
SJF,0.7901023654788004,-0.7798478792012363,-0.001324849220740349,0.03399294954259398
SJS,0.6930742776667395,0.5846401683269224,0.0006292520371548863,0.022866404474875965
SAM,0.43629472505545325,0.8417748011720385,0.0006166249300252458,0.015988703463521582
SAV,0.2873001590708089,0.7745062600637509,0.0011604967578168277,0.03574498368531507
SBA,0.2446119177107661,1.226069750185506,0.0007340300512278363,0.013103628493701851
SBT,0.6838791675907159,0.5585793714835243,0.0005965085038293422,0.02195810489930588
SBV,0.09325931370879238,-0.6588361438736718,-0.0009748662824258686,0.026865339162468634
SC5,0.33631717457512705,0.022171990825383014,0.0008587707151320933,0.04088362893718635
SCD,0.13245079305238053,-0.3883326491720742,0.0001126648145148435,0.03263653399022062
SCR,1.1833124712468224,-0.16400402678688664,9.600351375415869e-05,0.023913457855777556
SCS,0.611995136416313,-0.21008486000238824,-0.0003130707922414595,0.016494727766441765
SFC,0.23354289935759018,0.6685854751384652,0.0012938686436319603,0.03436074564102278
PNC,0.15323770287145397,-0.4195645444226602,0.0005993836476110097,0.05038127759059467
PNJ,1.1034126174184524,3.1251621092133215,0.0013382075408306226,0.0201199198213286
POM,0.7278461538660422,0.29228430254656024,0.0006919804478990609,0.03079322927642033
POW,1.3373906366654305,-0.3557692307692307,-0.0008398571723775773,0.021180566920419523
PPC,0.6628906501944107,1.5642370214997379,0.0009484221085743328,0.019741178708175336
PSH,-0.5870196300518221,-0.02083333333333326,-8.302763162982336e-05,0.024833013188560994
PTB,0.8045211947538458,2.3237989300280737,0.0011629643686603955,0.020072402051645784
PTC,0.4048658738942663,-0.2142857142857142,0.0006088257188875751,0.041540616563148156
PTL,0.4017670412994938,2.464705882352941,0.0016308670311982968,0.0355563213581108
PVD,1.3648473034818511,-0.6172528988242432,-0.0003944926357570805,0.0273703566035754
PVT,0.9398362062829693,0.5878882455203756,0.0005689211730887373,0.019993938209894042
PXI,0.3883317556264774,-0.29685591652999266,0.00010712056234475396,0.028724720254086115
PXS,1.0419416898413625,-0.5984866033510925,-0.0003435095779095838,0.027878725786204085
PXT,0.5809854494113122,-0.5147058823529411,7.661212646657288e-05,0.036326409017067726
QBS,0.8451637275456513,-0.7446199217831726,-0.0005687603907417982,0.032394435064427005
QCG,0.6938894729355757,0.1791886147306163,0.0006685309688979091,0.03283617099443276
RAL,0.3761152664945784,1.7507284941189911,0.0010053353590697696,0.01927797400222722
RDP,0.4233947014892369,-0.2644761877715617,0.00020999013447924405,0.03071721314241439
REE,0.8788045837063895,1.2943065899544668,0.0008025793364079279,0.016607275195966192
RIC,0.13183448822575808,-0.375,0.0009050504247376599,0.05230342540523634
ROS,0.9579224026221503,-0.7726606042827808,-0.0008818171249183357,0.03436081158022262
SAB,0.8611870951413055,0.532334694327605,0.0006560109823948636,0.020079972689785376
NAV,0.2315584031504803,2.196094953075515,0.002424703847752619,0.04586510827253496
NBB,0.18595306841904943,0.32893068541634185,0.00047201303011156366,0.022041728516441324
NCT,0.42536046399493194,0.030575666595078932,0.0001461408010570074,0.01564743606356408
NHH,1.319791916171264,0.22828129001262276,0.001472980068220713,0.02705834384094755
NKG,1.0437119428587809,0.4274107175831887,0.0006118759961430357,0.02561033082597302
NLG,0.7054942269151975,1.1453200817561981,0.0007619143830749347,0.01738340334792451
NNC,0.350674476164436,1.4248000124748552,0.0008409274200872935,0.016234297568491197
NSC,0.03950207803638477,-0.0655495872311379,0.00018815578389339813,0.022183208201877875
NT2,0.5582060374031446,0.7532267631754803,0.0005918805251405974,0.016899873116853904
NTL,0.7546268987822523,0.7497621417088616,0.0006657866450038464,0.020907059787852903
NVL,0.38196606728432025,0.3959340087757124,0.000481236864551057,0.01546919246416115
NVT,0.5877053243319748,0.5931034482758621,0.0010980221596218426,0.037955310085731636
OGC,0.7557486266845368,1.5625000000000004,0.00124909612005851,0.03154815994787709
OPC,0.17437501504886566,1.5114205636351596,0.0011201228157436084,0.024204735360464694
PAC,0.6434848428332892,0.8156251931516163,0.0007125695327253782,0.021707933092591274
PAN,0.48904195266349604,0.38243444236667834,0.00044349762929442695,0.01924214807619108
PC1,0.7681521043798176,-0.1884945635394154,-1.2631879390552317e-05,0.020352925665958675
PDN,0.1887025298808241,2.7922155967817974,0.001747751167539723,0.03050842366965163
PDR,0.4688646314855757,3.4694586988909126,0.001361670930026739,0.018069431218533608
PET,0.582072192561106,-0.014975834940725075,9.38301417575695e-05,0.014594100424419769
PGC,0.3220368596493437,1.3492019622745803,0.0008034271338958494,0.015218446425837164
PGD,0.35179868395451636,0.3777183943601927,0.0006458937898462052,0.027199459128178994
PGI,0.32529273910494405,0.9766023246356523,0.0009725015433555817,0.026601385400505082
PHR,0.9142705594934093,6.816675574559059,0.001954376366407027,0.024378304451924373
PIT,0.31498127368556184,-0.3533333333333334,0.0003936394580306665,0.04224073516894746
PJT,0.10906216016517697,1.240085744908896,0.0012455531397815639,0.03283467265200542
PLP,0.8988359986591826,-0.10250076457995161,0.0003276584360391989,0.030767422386716186
PLX,1.557636005951369,0.259857568198278,0.0005292407809281395,0.022644273233961967
PME,0.23175779659834403,0.0865920747078619,0.00030459401012963947,0.019314176114099253
PMG,0.6178796719462875,0.0382809678584326,0.00022047624139460176,0.018065172738385166
ICT,2.055342052689613,0.16481075385184973,0.0015361751086166349,0.0344408742484128
IDI,0.9876737456280674,0.116386199116292,0.0004242200793198898,0.026004965064029623
IJC,0.8741725925879389,0.9615469164820669,0.0008470335370914658,0.023677909121726314
ILB,0.44249516072272815,-0.0008572526530492564,0.00019187720259597506,0.019819367067757367
IMP,0.40685546982658644,0.8792396277015302,0.0006755233824335088,0.01833242859030925
ITA,0.9022659777075321,-0.15384615384615385,0.00020571063922590526,0.026130970683392894
ITC,0.31124874201560015,0.8590458607382336,0.0007669840083813078,0.022172833240446818
ITD,0.42853946263404064,0.07790132272433614,0.0002889885794830402,0.021455600679614512
JVC,0.6076050955349988,-0.07142857142857129,0.00042711254886566933,0.03128868523047859
KBC,0.8366411579619002,0.15675502872958869,0.0003098010434464871,0.01966783310101264
KDC,0.5365065489341196,0.9824349617356827,0.0007256968872432379,0.01888923662337533
KDH,0.5616228300870341,2.3412388392857144,0.001078107077740642,0.014999668779939192
KHP,0.11892085857420336,-0.23352922244340868,-4.3748893031206555e-05,0.01850081081146456
KMR,0.39522636631715813,-0.49534883720930234,-0.0002464039266442774,0.024609735644067397
KOS,0.49793636900189364,0.10431654676258995,0.00046233601763955327,0.015254160704739252
KPF,0.22111978469724083,0.7908008124707042,0.0010841378920109779,0.03253373512013591
KSB,0.9587399615484575,1.7094111122223539,0.0011040985715393516,0.02476314219644478
L10,0.2526410109530282,0.40372051530973696,0.0010947077045891426,0.03805143234658029
LAF,0.08194665030347384,-0.2607407407407407,0.0004760508496534509,0.03923407937617576
LBM,0.18807805952704293,1.7852871303350537,0.001217249642799911,0.026610327512756188
LCG,0.9193767348433051,0.8228362095599595,0.0007638880231436313,0.02384723240571594
LCM,0.492313883874527,-0.6368421052631579,-0.00014487800182782126,0.036528840429073735
LDG,1.3437637360015997,-0.04527485641828888,0.00046453997671918083,0.031663658493577475
LEC,0.03883184593025197,0.10606060606060619,0.0004992243619112338,0.027237971977175243
LGC,0.18545263557833525,1.2976621287839625,0.00174545795263152,0.039551070922957524
LGL,0.6724345591232656,-0.08545957577620655,0.00033020255756471736,0.028380385832534535
LHG,0.7524364086692074,2.342684892258103,0.0012694983917235952,0.024687807335751915
LIX,0.34801533173834515,1.823727421587067,0.0010082680310440862,0.01865819247365162
LM8,-0.03793213230909755,-0.4012857633606517,-9.479335863763371e-05,0.029818590414691107
LSS,0.5384147279186394,-0.19442292796281946,0.00010952897130195836,0.02383763801127576
MBB,1.1379827051902662,0.7034796922252422,0.0005900240424784056,0.01808471477276031
MCG,0.529112234525235,-0.5349999999999999,4.2270116534442313e-05,0.03703970912812815
MCP,0.16496658712335005,2.5793792832511233,0.0022711381288312237,0.042720624932165066
MHC,0.6212205423917933,-0.018821351434742284,0.00034107644140178963,0.026761684474926214
MSH,1.2315543407992602,-0.31513614961641045,-0.000567202935539939,0.023894988464058905
MSN,0.8765077380017106,0.14866875998272788,0.0002958177824092718,0.01925646748093457
MWG,1.1005472831837502,3.3888964192400994,0.0013906675558758444,0.020309241440245693
NAF,0.3985770927932961,0.0681719070788438,0.0002084275770329541,0.017648222449629814
HCD,0.5117137664141318,-0.7799075464476047,-0.0010242653093707698,0.02898738931104154
HCM,1.4926616265407795,0.4279753683241254,0.0005803938409093642,0.02429919867946691
HDB,1.4998461711104436,-0.2330264566607595,-0.00014803981157199568,0.022381165910489404
HDC,0.7269595858391532,1.079322294955718,0.0008198687015770071,0.021520076145463477
HDG,0.8800668763549527,1.1531504484557362,0.0009216341217272608,0.024262645447797156
HHS,1.0005244289274005,-0.6368095112449363,-0.00043010179239588356,0.027626772311158242
HID,0.5933117918960772,-0.7338706611413147,-0.0007899331639227017,0.03104139459673746
HII,0.7845684781389823,0.7087544539267374,0.0009930285407271395,0.025664724739865256
HMC,0.2928162466424304,1.9834439868896547,0.0011153251022473492,0.021289137725882784
HNG,0.5493527864134254,-0.5535714285714286,-0.0002834924393940253,0.02695110620406373
HOT,0.5901576228885079,1.1874575314398021,0.002829296276612227,0.05589161761900935
HPG,1.1268826755292283,2.5430798094963203,0.0012115407724786651,0.01983435661466523
HPX,-0.08689983431993442,0.22529753923263995,0.0004836278282141801,0.014381762396145723
HQC,0.7183081905993732,-0.63363757650198,-0.0004950091374354299,0.0249158193848481
HSG,1.2907089907007017,0.4301748796118614,0.0006437765067035797,0.026762529471700765
HSL,0.7529761550861913,-0.6548595771536763,-0.0013548707995050375,0.030197382831220993
HT1,0.7170686109488724,0.037144898071322485,0.0002745641420658242,0.02219612482084349
HTI,0.3312873833933576,0.5213694882317594,0.00047289335083725676,0.016330556240647758
HTL,0.06560987273537205,-0.6800833107185329,-0.00028630949904212804,0.0403889069801284
HTN,0.6731235807880196,0.32175573219760256,0.000795588545145464,0.01935131117178974
HTV,0.1796756722126678,0.5963306877712073,0.0008932767062193784,0.02938828921908458
HU1,0.14453036089803667,0.05370314146411159,0.0010962236096225036,0.04543307371207631
HU3,0.368138315238324,0.8704641244980924,0.001161187355145883,0.032342290290596334
HUB,0.24690168627237294,0.17422173675587116,0.0009372189174525502,0.031071837138674598
HVH,0.8851560410154091,-0.5118413514864157,-0.0012274076786454584,0.028146818382490536
HVN,1.6414570887250075,-0.338332041144635,-0.0009429777538372696,0.023135648224640638
HVX,0.5091617787653625,-0.40673154112740595,0.00038349999279279777,0.04807240020858053
IBC,0.2165408569872926,0.1616833939103859,0.0002886797117153637,0.01167529197901364
DSN,0.31524810052863705,0.5589300591034723,0.00043534404802235085,0.012572260861287213
DTA,0.4021114333916687,-0.3175159613202594,0.0005130060671782509,0.04133395439624441
DTL,-0.34450978074716987,0.1703296703296704,0.0007501996593141653,0.033910035637627595
DTT,0.04639708968063391,1.0892603129445235,0.002404813474944942,0.04915362243437659
DVP,0.38887010372897524,0.05941239760160055,0.00019974482547201522,0.017544162175671875
DXG,1.4192994402350159,0.3496782269146519,0.0005790991156338561,0.026069439485993485
DXV,0.5225587437225141,-0.033816425120772986,0.000778915885159607,0.040349457148623875
EIB,0.3539588403063808,0.41176470588235303,0.0004569819026123114,0.019076125237755637
ELC,0.6239757266971224,-0.43311008337071344,-0.00018618160077598763,0.02320771749047394
EVE,0.6162369839881695,-0.11096390687782742,0.00021865973644080608,0.02508372585010991
EVG,0.6768574444330424,-0.609375,-0.0007819573297242415,0.027314688698814503
FCM,0.5321096096228555,0.4174784047050173,0.0005901018275822882,0.024901891235521518
FCN,0.9182965595038781,-0.18965236474173564,4.4673128609739406e-05,0.020662803785610046
FDC,0.039853342353949016,-0.25531914893617025,0.000332198401224282,0.03596824016098293
FIR,0.4072712806810011,2.3333333333333335,0.002667689014239105,0.01564504412491771
FIT,0.9074573060639975,0.05015223760556098,0.0005120931367428831,0.030815504585669038
FLC,1.130203953171606,-0.3777261995277922,-9.262215569362518e-06,0.027283284684255962
FMC,0.8920055484539128,2.41340615266459,0.0012001256921415587,0.02087976696369343
FPT,0.9261476201145609,1.6830704796806493,0.0009050253617073303,0.015139494421644015
FRT,1.2246362925567837,-0.6614412770241174,-0.0014038592021401635,0.028818731280108506
FTM,0.4572834060153577,-0.9087876576670489,-0.0022617556841582776,0.0280741363009988
FTS,0.6604611464140373,0.5889521094507597,0.000731152006735479,0.02113007995563217
GAB,0.39858136373481556,9.583333333333334,0.008707569310166547,0.03630501074487559
GAS,1.4447477824130963,1.1323666604472638,0.0008677469304346399,0.02283954132878962
GDT,0.2741921453436341,1.2216744614466508,0.0008176389730158584,0.018158110575373303
GEG,1.037503467516932,-0.3910714285714285,-0.0018589053753254223,0.018131210142345557
GEX,1.2061007369281587,0.2231116148379022,0.0005248662528692101,0.020921123006005647
GIL,0.6841413558135461,0.7844549398414293,0.0007171935507724966,0.022470955981432023
GMC,0.4760281762963087,-0.3143725682942746,-5.2046039598494225e-05,0.022747734625842744
GMD,0.934819613781355,0.6644404193270907,0.0005893076293708733,0.01905738629668274
GSP,0.09189912187825859,0.41248720573183206,0.00045912910895279613,0.01882729295729205
GTA,0.12485392203136814,-0.0016908299456775966,0.00045145583793611635,0.030077535694511996
GTN,0.8624857773484934,1.3603603603603602,0.0010281401301768074,0.026120555448917396
GVR,2.536569382323854,0.14285714285714302,0.001541747981092131,0.03027209828390547
HAG,0.9974789131392557,-0.6741496598639456,-0.0005419328925845439,0.02675090430948047
HAH,0.5589275427595967,-0.2200865452349804,-4.5127472617593475e-05,0.01758345691763486
HAI,0.8873214543779568,-0.5275862068965517,-8.679302151974955e-06,0.03447832840951737
HAP,0.435182011910972,0.534056044180814,0.0005576377163405494,0.020785458188728408
HAR,0.9701188857467722,-0.33317629151792993,0.00021458080743530416,0.03289415455960091
HAS,0.29405229741484734,1.1847016938181034,0.0012927612604620355,0.03450038961294286
HAX,0.86517432225024,2.5517621145374454,0.0013847070746901113,0.027146458449350333
HBC,1.1637941503759595,0.8016034637752949,0.0007862953798797124,0.025114225931757387
BID,1.5789734711666263,0.7050693184353778,0.000708073040852576,0.023695361458577507
BTT,0.16869098454709852,0.5525001214616028,0.0016475783371020572,0.04700853254773944
BVH,1.3583184706320641,0.159727908143787,0.0003835902906875281,0.023030330797323455
BWE,0.6816491401152543,0.6914379795355299,0.0008759681675943574,0.02033124930068085
C32,0.5749631524843972,0.5967211442849494,0.0005949278969741844,0.021012185863790948
C47,0.36266267005690156,-0.03803430196392066,0.00038953735571889024,0.02906324085226833
CAV,0.410555389526811,3.2859622763487906,0.001432644781037406,0.019966318104610276
CCI,0.08573807219859032,0.597701291784843,0.0013382152444119133,0.04034177830772085
CCL,0.7131737535045284,1.8179108981855219,0.001358538129617973,0.03256555941530791
CDC,0.23214553784776779,4.138746145940391,0.002007225819469844,0.030970447764144864
CEE,0.2649204374035519,-0.40445375174674103,-0.00023114336302758342,0.02894910807742614
CHP,0.26422424452945836,0.3762791626895161,0.00040296506273524417,0.012215849628919116
CIG,0.0282917230524223,-0.050000000000000044,0.000872978834648777,0.04284121786999003
CII,0.5708677050244008,-0.11846809344238207,7.581460494194918e-05,0.018850156236152125
CKG,1.5853200782588834,0.3539426291104142,0.0030873569236912943,0.03159209413041309
CLC,0.30309489863414546,0.935555741220375,0.0007693969014589667,0.02124747963577596
CLG,0.49972744005824143,-0.7767857142857143,-0.0006055134758972874,0.03466363651228667
CLL,0.3387676138151745,0.6097055777481875,0.0008406291299364683,0.02674378621232182
CLW,0.35769656949721573,0.9027121446061228,0.001797369874556294,0.04371322985430182
CMG,0.7605822064346466,2.331403460483481,0.0012972261628301266,0.0254664998273697
CMV,-0.27053818736856117,0.3924294680919431,0.0017081461034424282,0.046217081248791585
CMX,0.5460823376674411,2.723428782219763,0.0017591426055855643,0.0371305401695446
CNG,0.2909661231319806,0.03708764009346166,0.00013568238892543025,0.014641360830302133
COM,-0.0014883313408948788,0.7653063856918048,0.0014550745561598987,0.0385575056962919
CRC,0.41728112382252225,-0.14236106249212377,7.838355622991714e-06,0.024773159866200493
CRE,0.42385842140535795,-0.225531914893617,-0.000389828063185418,0.015333632335312236
CSM,0.6028453067149555,0.08840575766645808,0.0002335606363490942,0.018271239721545356
CSV,0.5450015623390589,0.9622943293396324,0.0007226959840382579,0.01902982884363484
CTD,0.8638135783437132,0.24474189315459416,0.00042239389314673183,0.022268322758150254
CTF,0.045967220162083,1.7257628966618914,0.0017274602961145076,0.03058200976560392
CTG,1.4765811258898183,0.3676267081819755,0.0004806011922523518,0.02146768733052308
CTI,0.48794729766750367,0.1679262731592206,0.00031531221567276496,0.019577525413880293
CTS,1.1736098236470602,-0.21600812068723485,-6.934937650866031e-05,0.021589392467768424
CVT,1.2995163855871632,-0.4103943167764388,-0.0004904102685762067,0.021493204935527224
D2D,0.6930053370374627,4.85488833417646,0.0017993861192033655,0.02556328562516737
DAG,0.7093065758222942,-0.18688107567911327,4.045723966461283e-05,0.020341355257912044
DAH,0.2071057306806701,-0.5446837613243518,-0.00038579445845234544,0.02888989927511255
DAT,0.39158506424645134,2.5603715170278636,0.0037788174785978765,0.05321520198812896
DBC,1.6805486897809188,1.451018056089128,0.0036795420417133928,0.03196625946051679
DBD,0.3324638659290013,-0.008244506536962182,0.00011956990373210926,0.016453305426859372
DCL,0.49158648883511324,1.140904625635331,0.0009605857025208909,0.026547110046308494
DCM,0.6493946369912301,0.010242890483187717,0.00016388240661867063,0.017696563241611004
DGC,1.3489295230668064,0.25539354262758507,0.007720251311504477,0.027279535800370108
DGW,0.8637284326639396,1.4982866808268644,0.0010314994996908852,0.024402226107236198
DHA,0.2793867875767054,2.235142462700221,0.001130306231898979,0.019430148181004955
DHC,0.5019502908839816,3.2801377726750864,0.0013302173223731883,0.018238127957827727
DHG,0.5529374450640411,1.8079539593788123,0.0009992707384571483,0.018636278216330314
DHM,0.4172590104572319,1.8078072538095413,0.0014223935349852667,0.03355263634830714
DIG,0.9919820224687919,0.7774077598054763,0.000719723449730954,0.02279998078054654
DLG,0.8953922588872238,-0.7614072038569759,-0.0007200655967099246,0.02925407262951224
DMC,0.48922868749609133,1.1656021967019128,0.0009422598345145051,0.024145462591457265
DPG,1.0340155726773055,2.381448213195096,0.0018437182068311484,0.0317822837779187
DPM,0.7030470913073821,-0.09495214257323625,7.3368674934565e-05,0.01754756099038801
DPR,0.3704899645058457,1.5164889644742043,0.0008919413496862368,0.017184782775550602
DQC,0.5462302027465187,-0.6104938937427342,-0.0005157000773847799,0.021892299028322872
DRC,0.9062902963194897,-0.26278013361364905,-2.72963012902116e-05,0.02084410340431664
DRH,0.8461083073377482,0.43230426787960896,0.0008382382045602177,0.03321497491025032
DRL,0.18816515415567878,1.1334850478256233,0.0010183656584050232,0.022657406615120248
ABS,1.4832613910426435,0.10038610038610041,0.001758248557851288,0.044160336764738566
ABT,0.15530983137760018,-0.11146348798425232,0.00023101987035911942,0.0260505137211748
AAA,1.1193126379429796,-0.3554393754923728,-0.00019001785906885003,0.023469743383439344
AAM,0.07630861755035613,0.629493838476423,0.0009378063518805318,0.03190637812379051
ACC,0.21075173169851216,0.06634876713677151,0.0003190766828967685,0.022889637653415285
ACL,0.34287118222228335,3.243261921216309,0.0017011355958295403,0.02826299759544831
ADS,0.19360482778908364,0.057706498745510704,0.0002546242833848013,0.020069802780647298
AGG,0.7424117152743261,0.09082242510908212,0.0006133482590401523,0.013505493816996466
AGM,0.24591726724975518,0.8901021199059029,0.0009716881691837668,0.029338865746115054
AGR,0.9312352389223685,0.027906976744185963,0.00038303477893284144,0.02691814014235824
AMD,0.6211003930497602,-0.7406250935246057,-0.0005523992246860371,0.03257563904598885
ANV,0.8285182097092906,4.461708350743151,0.0018151679119104071,0.029964656671338397
APC,0.6998206260139895,0.18004543174912246,0.00047186469784210843,0.026088207834575834
APG,0.6790761984634696,0.5210929541299769,0.0008678757419982105,0.02910194500958833
APH,-0.2781642877149748,0.46586345381526106,0.012938253812274737,0.03312268901521499
ASM,1.0141942695813033,-0.04466341547130426,0.00021960536734489812,0.02267318748862394
ASP,0.48644060188407146,0.45273680841109987,0.0005791512121685516,0.023448796558007943
AST,0.9318339538491915,0.21804807795507686,0.0005365164974814495,0.021955547129404066
ATG,0.6352444691454212,-0.9475806451612904,-0.00219142501411982,0.03799047152007736
BBC,0.24198567078369518,-0.17360430950048966,0.0002741642213972068,0.029855005549506375
BCE,0.3381382895824256,1.1545904590459046,0.0007480094038522722,0.01601381573015046
BCG,0.6690765151454178,-0.5337641908155337,-0.00026735611963740275,0.026281989619420985
BCM,0.222965451934768,0.3392857142857142,0.043702697875995504,0.050152363997574195
BFC,0.6782109686202664,0.1251252098587774,0.0003171937915639413,0.02107967388325189
BHN,0.7678634712900313,-0.5403597013651317,-0.000539852445897446,0.025953653587482473
BIC,0.21560333522495673,-0.06029420203913771,0.00020499285489802613,0.022707204230445123
BMC,0.41037705287703985,0.057631290502470955,0.0003261143986083577,0.023778879953158635
BMI,0.6569574297507653,0.7520167738725612,0.0006700435488996387,0.021047872773804682
BMP,0.883697763480843,0.4148359242673261,0.0004850115755599468,0.020394510245766214
BRC,0.3414676436850683,0.8193789853063487,0.0015075567761917352,0.0367235259083293
BSI,0.5070037213739236,0.3600432071488193,0.0004972297095771724,0.02234478230951523
BTP,0.4792907661104995,0.74655759132806,0.0006501126687027159,0.01992852118815622
CCTD2001,4.208979586710914,-0.37155963302752293,-0.001992623137109438,0.08409931608642132
CDPM2002,9.12666924252925,1.152542372881356,0.012136463003068254,0.11211879828261254
CFPT2003,5.7756070072753385,0.14476614699331836,0.003651217075169944,0.06778277394987918
CFPT2006,7.286577349566634,0.04347826086956519,0.0037510091178076157,0.07762888625723781
CFPT2007,6.176325556832087,-0.10404624277456642,-0.0008017174714610125,0.06139198265196878
CFPT2008,2.0140715443288157,0.24347826086956537,0.011660408315145492,0.0601294556663618
CHDB2003,10.870623181852622,-0.5823293172690763,0.0008558431101911438,0.12409604786381266
CHDB2005,7.402711551915475,-0.2098765432098766,-0.00017440039373334048,0.095627424238156
CHDB2006,10.309422360065849,0.2318840579710144,0.009992558392353737,0.097359529596497
CHDB2007,1.2624370597591568,0.08256880733944949,0.0077173504701334526,0.059180338351876714
CHPG2002,8.10136081466938,0.1283783783783783,0.005474986369461987,0.09562571912285414
CHPG2005,4.169768169370347,1.5658198614318706,0.012251991948775518,0.06655913731902456
CHPG2006,6.4623893875965805,0.7106382978723402,0.00912340838045532,0.07514594346377924
CHPG2008,9.445757283701786,0.34642857142857153,0.009424070450567177,0.09726618482961606
CHPG2009,6.855347824990879,0.40072202166064974,0.00836405344100537,0.07469772615546147
CHPG2010,5.426084091100567,-0.1450381679389312,-0.00099915855524061,0.06472880267770208
CHPG2011,10.06293272004601,0.12345679012345667,0.007053031779319143,0.08785341597193635
CHPG2012,1.567405779318707,0.1154598825831703,0.0053211475368883975,0.04873962655744277
CHPG2013,1.9049593324536704,0.1578947368421053,0.006591251570482468,0.045473220168408615
CHPG2014,1.6212360447079996,0.09836065573770503,0.004416111247440735,0.041726154276975784
CHPG2015,1.9047912354225396,0.10869565217391308,0.005079363977230918,0.045721905127738244
CHPG2016,2.2544772122309555,-0.07720588235294135,-0.0019525969398736217,0.06037037671089838
CHPG2017,,-0.07042253521126751,-0.035211267605633756,0.04979625219623567
CHPG2018,,-0.012195121951219412,-0.006097560975609706,0.008623253429104168
CMBB2003,9.750588835691557,-0.33333333333333326,0.0009896086380167882,0.10227472832035286
CMBB2006,10.20947495442796,-0.24285714285714277,0.0005159639124435808,0.1018545138339405
CMBB2007,1.9421954965061223,0.303030303030303,0.013439613075967754,0.05381351003235372
CMSN2001,7.100937515916528,-0.5985915492957747,-0.002922072453220063,0.08633099662000898
CMSN2002,7.425505506222919,-0.9849056603773585,-0.04433358236728525,0.12739071055150436
CMSN2005,8.229691859002529,-0.6544117647058825,-0.011974594990691721,0.10630753956979419
CMSN2006,2.0480987683238427,-0.06666666666666676,-0.001821824318837172,0.054905280943166546
CMSN2007,1.4000332529540724,-0.027272727272727337,-0.00042849350545201163,0.058891219252071074
CMSN2008,3.126543266159563,-0.05228758169934644,-0.007739774389660614,0.052287105358667554
CMWG2005,8.752258628998733,-0.46113074204947,0.0010684287605610013,0.12444997861631074
CMWG2006,9.139900526618463,-0.9152542372881356,-0.007210069414289616,0.22632089893628457
CMWG2007,10.996555356935527,0.12966601178781922,0.008795195527333785,0.11427161359362797
CMWG2008,10.792276003240689,0.09009009009009006,0.00916339889323681,0.12180696776844561
CMWG2009,11.077124999396993,0.39516129032258074,0.014520813317553066,0.11172639337392976
CMWG2010,2.3368354107304663,0.8265306122448981,0.03371706909762031,0.11189068092936057
CNVL2001,0.39164047538502117,0.0,0.0026152760510356017,0.07417695273992617
CNVL2002,0.8910383121754406,-0.18506493506493515,-0.004595897686252356,0.028064151792102473
CPNJ2002,11.16266550992695,-0.9064748201438849,-0.013215488571021394,0.1565020990679605
CPNJ2003,15.022028972487519,-0.9446808510638298,0.0008021517294020297,0.34770388644040584
CPNJ2005,12.361808309697135,-0.368421052631579,0.00013027048943739752,0.12200752918700392
CPNJ2006,2.7634298918059224,0.26865671641791034,0.014344131967349955,0.0802908674655128
CPNJ2007,7.0628466684328455,-0.06726457399103136,-0.00929476003279961,0.07260465015850569
CREE2003,4.27833813013033,1.1785714285714288,0.015956304765441444,0.06831415866459706
CREE2004,5.614385046092826,0.7777777777777779,0.016227385116954724,0.06703642285528202
CREE2005,1.2312097559554493,0.42068965517241397,0.01971963579379457,0.06770631450173664
CROS2002,1.4398058206312458,-0.7647058823529411,-0.009492746581223462,0.12445514936972883
CSBT2001,5.390653672333044,-0.9587628865979382,-0.014566641884754265,0.13944627513491156
CSBT2007,1.4697569323529753,-0.2558139534883721,-0.021271494326770352,0.05069664564006521
CSTB2002,9.917132161168587,-0.5787234042553191,9.738576082351496e-05,0.11765641972080047
CSTB2003,7.208326301064885,-0.8090909090909091,-0.0053485068668838506,0.16977504580460678
CSTB2004,9.138313013735472,-0.5021459227467812,-0.007103641085561158,0.0918748058212242
CSTB2005,6.3943289293483625,-0.6310679611650485,-0.01639101911920881,0.07664797159758839
CSTB2006,5.005597738420896,-0.4545454545454545,-0.011246455439717884,0.05604401605211157
CSTB2007,1.8631734859758036,0.04504504504504481,0.0038558333179273224,0.04486234788432802
CSTB2008,3.4256753226205765,-0.02659574468085102,-0.003789848997566588,0.040968103360610575
CTCB2003,6.501839249927806,-0.9088235294117647,-0.02187881018151534,0.12396826836838006
CTCB2005,9.526368745889041,-0.376425855513308,-0.002273425011497826,0.10358379560992038
CTCB2006,7.930676645045981,-0.07729468599033817,0.002530983060577302,0.08716457673030845
CTCB2007,2.5728903455019587,0.3577235772357723,0.017920475948225174,0.0742532039150918
CVHM2001,9.80921110151509,-0.6161971830985915,-0.0005378960916407611,0.1204053201054657
CVHM2002,9.358956376355428,-0.11599511599511592,0.0024804187538069104,0.0975755941517342
CVHM2003,7.117953676622486,-0.053030303030303094,0.0020763175169345874,0.07814891379004116
CVHM2004,9.099152409354167,-0.7422680412371134,-0.02406907258965479,0.10553142664886353
CVHM2005,1.1529196543990072,-0.19354838709677413,-0.008368703682549893,0.05427105208453379
CVHM2006,1.455706438209368,-0.21111111111111114,-0.019073764532923736,0.032189231976870104
CVIC2001,7.144534464389681,-0.8777777777777778,-0.009322365539579911,0.11907870853171339
CVIC2003,8.955510715038372,-0.7555555555555555,-0.019685855225955985,0.13029627228730978
CVIC2004,3.4815820543075535,0.04347826086956519,0.005267377317951326,0.0698978112457999
CVJC2001,2.31381361578067,-0.84,-0.0031290739250967353,0.17196907144958984
CVJC2003,7.065977007564781,-0.9145299145299145,-0.04866390411872536,0.16508167510283073
CVJC2004,0.6333593647445844,-0.05681818181818188,-0.003039781004699038,0.048984355009413456
CVNM2002,10.97107971863342,-0.24598930481283432,0.004621528418350512,0.11723211478274996
CVNM2004,5.668220936861779,0.05874409182984475,0.003764091126914752,0.07391792149207273
CVNM2005,6.864257286205398,0.09442060085836901,0.004226724675623786,0.07300465991599621
CVNM2006,-4.443731919702069,-0.631578947368421,-0.018559520096761525,0.149609276003395
CVNM2007,5.033569266472397,-0.21578947368421053,-0.003195585846625092,0.06378474146300393
CVNM2008,0.731998662005745,0.33333333333333326,0.01423755412686719,0.04778784769013326
CVNM2009,0.7856551720867018,0.03508771929824572,0.0070605286347575165,0.05562381489900361
CVPB2006,12.521992778386037,-0.4965986394557823,-0.002537075516233404,0.1324223052582215
CVPB2007,13.994873421068586,-0.3537414965986395,0.0020334706748586164,0.139166410984047
CVPB2008,4.05486329712215,0.19565217391304346,0.013093609051043661,0.09071134496306615
CVPB2009,2.048278635058539,-0.07727272727272738,-0.012114657261672768,0.05326626146772672
CVRE2001,11.521992507560027,-0.9798657718120806,-0.015202957291837297,0.14240579866000697
CVRE2003,9.443594923255148,-0.7967914438502675,-0.0034942212861786962,0.13343823371837824
CVRE2005,9.561200546372328,0.02298850574712641,0.007396292541887606,0.11907402319364507
CVRE2006,7.611912527459275,0.035211267605633756,0.004783624003347762,0.09127221226028086
CVRE2007,4.86669129229002,-0.3873873873873874,-0.007326528221282453,0.06348374375508808
CVRE2008,1.9688170098084787,0.18518518518518512,0.00932226511482181,0.05744294900654214
CVRE2009,0.799000776723751,0.0736842105263158,0.005755430100372035,0.04686593356335885
E1VFVN30,0.6920099553080273,0.48709677419354835,0.0009497925755513119,0.030735614514517062
FUESSV30,0.4722924856685267,0.02300000000000013,0.0014716230084421897,0.01027058736579695
FUESSV50,1.0204110150629062,0.008333333333333304,0.00014247088533777503,0.01578509683727776
FUESSVFL,0.5181666223821928,-0.027027027027026973,2.1580990077857268e-05,0.022385349996312098
FUEVFVND,1.471524059628496,0.22857142857142865,0.002656247108286464,0.021726093050462605
FUEVN100,0.2878653763963704,-0.13078149920255178,-0.0033268910587952944,0.03365575950214042
PHC,0.6110945539677523,-0.18973768704186111,-0.000321607773433663,0.015103431111518335
VMD,0.27595289525723393,0.08079731962264747,0.0007775208311962604,0.03700635629389883
TRC,0.49909883525741905,0.9628320142934432,0.0007493927575833152,0.020131350336097788
MDG,0.2331728689762496,2.137557109043871,0.002018715097074872,0.040399915519062086
CVJC2002,6.387898127146307,-0.5499999999999999,-0.009138780663706714,0.09347062087814637
TTE,-0.3247928257607858,-0.1903271078484292,0.0002635041263264591,0.052305326591425914
S4A,0.2854375416425242,1.4238907240424963,0.0012747360011706348,0.022998863496942856
EMC,0.3412374283135648,0.3579767909421183,0.0016397136883723488,0.050821091555910365
VNAll-INDEX,0.9154797286794336,0.4821277222979694,0.0004444797548340577,0.010972903584648556
CMSN2009,,0.0,,
CVRE2010,,0.0,,
TDW,0.2101712503541207,0.5741531056291715,0.0016148183716880192,0.046357728805228766
CMBB2005,5.137912280432561,-0.7637795275590551,-0.01178949442235064,0.12261844013380603
FUCTVGF1,-0.02392921582726502,0.45829759074532506,0.00289014427218075,0.043452873838888954
FUCTVGF2,1.5322837436942593,-0.23680000000000012,-0.005908792293862992,0.053014147960115464
CMSN2004,9.427304321458024,-0.9882352941176471,-0.045991149833298266,0.14759568851842605
CVNM2003,7.919139680728977,0.09465020576131677,0.004404331886295417,0.07873852164937473
TIX,0.4555517344617927,0.8872434921553578,0.0022079070534232028,0.04960342732864451
HRC,-0.011605575251706619,0.4657079646017701,0.001094677806329404,0.03676662002439384
CPNJ2004,17.649028753287837,-0.9807692307692307,-0.0450009921255244,0.18543396600154155
CTCB2004,11.65947669647999,-0.37810945273631835,-0.0020901945803378126,0.10535314432931701
CVPB2005,14.706461318254586,-0.6360153256704981,-0.0070537661477771945,0.13440750161128545
DIC,0.5355713481545614,-0.8450592885375494,-0.0011315299824322998,0.027894233666197008
CFPT2004,13.081543314506584,-0.25835866261398177,0.004450875571138129,0.1324742316952272
CMBB2002,16.117838547610887,-0.991304347826087,-0.04462171873125189,0.16927979558015113
CFPT2002,14.33205778324844,-0.9897435897435898,-0.01781368090050161,0.20215009690917152
CVPB2003,17.4614551074321,-0.9053333333333333,-0.005643571865122796,0.18781147315363572
CHPG2007,7.582351604652151,0.4937888198757763,0.014873242961537754,0.10951151019230795
CMSN2003,8.13637978793926,-0.9770642201834863,-0.06123483056540187,0.21388073503876937
CVIC2002,10.406539514300825,-0.9772727272727273,-0.040814611882702405,0.32049929804445537
CVRE2004,15.741592242318093,-0.9538461538461539,0.028745459995942566,0.6186633122569907
CMWG2002,14.749547903125183,-0.9931972789115646,-0.023027980292384898,0.21614806725064553
CFPT2005,5.780716558413872,-0.2574850299401197,-0.003861747943592622,0.0847030467211092
CMBB2004,13.505140730653396,-0.8875,-0.03493479283047078,0.15984356878171843
CREE2002,12.481376880004275,-0.9855595667870036,-0.06199180954768445,0.1709234061250677
CHPG2001,25.616521723634143,-0.3709677419354839,0.037950428528250174,0.3446118705546012
CFPT2001,16.686616448390097,-0.9347826086956522,-0.007497452488889027,0.21356974573286516
CMBB2001,17.409610287667093,-0.9947368421052631,-0.03149437111785405,0.2038774036615558
CMWG2001,10.336843825625207,-0.9950980392156863,-0.0173982634106236,0.28399396861599946
CREE2001,14.443995092030661,-0.990990990990991,-0.028754845408752075,0.19584533495784268
CTCB2001,28.438688037616508,-0.9948979591836735,0.008110130721542189,0.3869791583646938
CVNM2001,-11.36161824993058,-0.9940119760479041,0.1663843388714194,1.6711225048506992
CVPB2001,16.256128998387197,-0.6045627376425855,0.0056109366820352264,0.18035082889756363
CVRE2002,9.646239620302074,-0.992,0.00661427765842486,0.3435426416077097
LMH,0.8571572652490116,-0.9400750293468179,-0.006063484895285181,0.03627541828391231
CDPM2001,8.524842069632301,0.05263157894736836,0.017292595170751365,0.1950009565147256
CGMD2001,9.520227044839498,-0.9821428571428571,-0.015527343495401687,0.2340347406161132
CHDB2001,15.201315404935015,-0.990909090909091,-0.013759950751964501,0.28989285905468554
CROS2001,13.089669468457924,-0.9821428571428571,0.003943690474156707,0.3134521150515711
CSTB2001,12.848412292579361,-0.45138888888888884,0.014752153902899051,0.2521359473545155
CFPT1908,13.60704993407316,-0.9154929577464789,0.1367003257870559,1.5003027217882583
CREE1905,19.340094472104823,-0.9954337899543378,-0.01874068151178954,0.3188395829847069
CHPG2004,24.39168436266154,1.71,0.04650365043349783,0.25246907213161823
CMWG2004,32.1364366042074,-0.9978494623655914,-0.0064690818257640585,0.4379933668873259
CTCB1902,15.731930622417991,-0.9235807860262009,-0.00406995265076877,0.23698175839278138
HTT,0.056666011320568616,-0.9543046357615894,-0.0037663838876436325,0.03283332258215895
HVG,0.8639352575261089,-0.5792032915653638,-0.00015271304649501307,0.03443352927343637
CHPG1909,10.694627260833679,-0.9818181818181818,-0.023697997372092626,0.17180598762799218
CMSN1902,6.851332368093791,-0.9878048780487805,-0.012614054104248922,0.2485271392335806
CVIC1903,14.346053359095617,-0.993006993006993,-0.03506808855167031,0.16903947437701444
CVRE1903,9.487118616720554,-0.9923076923076923,-0.02620886324992586,0.22322541249229905
CHDB2004,33.47457158788704,-0.99,0.0011444500918185306,0.47027258556597495
CTCB2002,36.39322927771411,-0.9733333333333334,0.011391145086797269,0.48597187593397917
CVPB2004,78.53747167700345,-0.9226804123711341,0.20899231684854613,1.2744114472127295
CHPG2003,20.60328188237152,-0.9789473684210527,-0.03475046754870782,0.27624169641546586
CGMD1901,11.283262747126988,-0.9930555555555556,0.02252833398428775,0.4395094573292581
CVNM1905,10.668477812926522,-0.9951456310679612,-0.01805102053066234,0.2599431213640537
CMWG2003,5.818664980317451,-0.9936305732484076,-0.06076084251332933,0.23952209153438953
CPNJ2001,37.010479377134786,-0.9935483870967742,-0.017810437493763938,0.39735062840097646
CFPT1905,9.337182946698878,-0.9872298624754421,-0.02088028247713708,0.18431663417770258
CHPG1907,47.781825249377796,-0.9600997506234414,0.07536790249786157,1.0126407005699813
CMBB1903,11.483528336286515,-0.9975369458128078,-0.02948501595860107,0.2125016795808538
CREE1903,19.919561006605583,-0.996969696969697,-0.012655480610924535,0.2833578225920831
CVHM1902,-78.7936446502027,-0.9981024667931688,0.13042341804594346,1.7976360187922484
CVIC1902,15.886921459501266,-0.9990147783251232,-0.021606108295372264,0.2896287382882565
CVJC1902,13.611376177830131,-0.9987460815047022,-0.024809208835732056,0.2217986712015951
CVNM1903,7.613663092730241,-0.9993057965984034,-0.03305736787441292,0.23073920890933
CHDB2002,19.256293828975533,-0.9945945945945946,-0.07821805580362401,0.2697113491553879
CFPT1906,7.046738721803444,-0.994475138121547,-0.03452167729509465,0.15297481392191448
CMBB1905,11.260154592226858,-0.994413407821229,-0.035930064433390405,0.14803670449824863
CMWG1907,5.0114316842717646,-0.9952380952380953,-0.03202632439672669,0.18437042848206828
CVNM1904,11.639185235030087,-0.9952380952380953,-0.027994688075647922,0.2053161385069906
CVPB2002,42.38551627336557,-0.9952380952380953,-0.048053971763574434,0.41487392409077695
CVRE1902,14.03994678861199,-0.9925373134328358,0.013112205844236908,0.5480783435490777
CVNM1902,6.503165863898219,-0.9963235294117647,-0.04120243222581643,0.13145780278610705
CMSN1903,-13.685960383543403,-0.9933333333333333,-0.01806551792766157,0.43223949350554913
CVHM1903,13.84181389317756,-0.993103448275862,-0.0930105890059857,0.19480312992815782
CVRE1904,12.209606600634206,-0.9938271604938271,-0.10445398347155824,0.18216495551365589
CVNM1906,13.865034183113758,-0.996042216358839,-0.0859115734479625,0.26442752466041786
CVPB1901,5.6260099430059896,2.112244897959184,0.03282738525794195,0.09382480074159476
CVJC1901,4.509118196162351,-0.9927272727272727,-0.04271934905803108,0.15300643872015357
CSBT1901,7.992085890540472,-0.9833333333333333,-0.07610917316759133,0.27081605632532413
CNVL1901,4.401579452157949,-0.996551724137931,-0.05426580305964765,0.13109900637910374
CVHM1901,4.974340883824307,-0.9976133651551312,-0.044580384574485855,0.15490066597433544
CHPG1908,1.0341267236491323,0.40963855421686746,0.0108823056162077,0.07716049714394754
CMBB1904,2.606576801735901,-0.8840125391849529,-0.02874949739540807,0.12224009685330572
CPNJ1902,1.297461386883551,-0.02183406113537112,0.0029396691669359653,0.08383529380935746
CREE1902,1.473256508276072,-0.868421052631579,-0.030489419381854125,0.08061690727257072
CTCB1901,3.5740877710308476,-0.9575757575757575,-0.0455492364395572,0.13599965513505557
CDPM1901,0.6277939724502037,-0.9951923076923077,-0.05791068095087851,0.14736169465745025
CFPT1907,2.5297754994959574,-0.4719101123595506,-0.008591234994648901,0.09542697650349528
CMBB1906,1.401435690500993,-0.7638888888888888,-0.027588389155564812,0.06378198887719642
CREE1904,1.6530981198254704,-0.6036585365853658,-0.014175846386840123,0.10137550238025875
CSTB1901,2.1586791124991964,-0.9938650306748467,-0.055542741526186434,0.1295132563863928
CFPT1903,0.8106879903159404,0.8202080237741456,0.007451053625153243,0.07015140380786207
CHPG1905,1.112806330552046,-0.946875,-0.0161545394724072,0.1235298933438393
CMWG1904,1.0482238180374783,0.1793814432989691,0.0025537668320936894,0.04816226724682861
CMWG1903,1.2399194259328632,-0.0718562874251496,0.0009337750014089196,0.05661111129445026
CMBB1902,1.6109740778768937,-0.4746376811594203,-0.0025124492987181964,0.07579098515640277
CMWG1906,3.490256924535306,-0.9866666666666667,-0.06396985959090577,0.14907126245680974
CVNM1901,0.7969552808795481,-0.9918032786885246,-0.028606118465042896,0.1547886637859118
CHPG1902,2.0105893135907418,-0.9876543209876543,-0.027240486223662215,0.14013595551581456
CMWG1902,1.4742307348068553,0.5727554179566563,0.006435808829838088,0.07466261540425921
CMWG1905,2.307348384660539,-0.6004993757802746,-0.01613127053223898,0.07963567716963849
CFPT1904,1.097569225691891,0.14018691588785037,0.00553473206455398,0.07910164268370024
CREE1901,1.3488161804064425,-0.9583333333333334,-0.042794666027539806,0.1647031919616574
CHPG1906,1.0208037348156955,-0.98,-0.05439853101180667,0.19887782380084384
CMSN1901,5.372770858754222,-0.5375722543352601,0.4533752273087434,3.60935127331954
CVIC1901,0.39914037606198643,-0.9683794466403162,-0.05153030890224903,0.16985490880586476
CVRE1901,2.5777638739811546,-0.9931506849315068,-0.07548684083202332,0.1727130389944516
CFPT1902,1.0382682325829176,1.4579999999999997,0.019602242452646426,0.07341688611925515
CHPG1904,0.5845532134892728,-0.9260869565217391,-0.008044632368517537,0.4090243092743062
CMBB1901,1.3727854445725214,0.1464646464646464,0.004358452608928605,0.06074800324877715
PPI,0.6362164004756194,-0.9090909090909091,-0.002067505403836314,0.03256854800068851
CHPG1903,3.4922093018257314,-0.9833333333333333,-0.060979593313659416,0.15720503603271857
CFPT1901,1.9452882590735294,0.7407407407407407,0.01646782438113371,0.11342441826251506
CHPG1901,3.5262555603241417,-0.9112903225806451,-0.03914615210971988,0.12839534169832573
CPNJ1901,2.37603634840702,-0.5847953216374269,-0.011537972599617414,0.11329508274627013
CMWG1901,2.3864212237884357,1.696153846153846,0.024881022763165672,0.10034492856823382
VNALL-INDEX,0.6203988226938775,-0.013206960845245419,-0.0025113475969268384,0.019029679867461805
VNXALL,0.8476649997441539,0.284396338070912,0.0005549982760962113,0.013323675502074396
HN0-INDEX,,0.0,0.0,
STT,0.030464702978213316,0.36250000000000004,0.00182801692549702,0.04643485053474344
TV1,0.022478959134416325,0.10694822888283362,0.000687873540828927,0.031531105112023484
CDO,0.29687323782658553,-0.9301455179158364,-0.0034738674170805652,0.030088232687997596
KSA,0.37517711327705144,-0.8913043478260869,-0.00276820762237397,0.0336439569365669
KHA,0.11908013107614797,0.050832625922283325,0.0006151567051075977,0.03274464297299667
BCI,0.1787812355940609,1.257421475136038,0.001445414611345136,0.014597888573981817
VPK,5.217697942411681,-0.07925072046109516,-0.015968618721793337,0.031665674037156546
VHG,33.1608083890919,-0.4013605442176871,-0.08790343640255656,0.13896408111089611
TIE,1.2618659941437393,-0.03356481481481488,-0.0031574581413569723,0.09879909954576335
KSH,15.822495598582416,-0.1294642857142858,-0.02548257886150416,0.06550253896321159
ICF,51.24540730271857,-0.0976744186046512,-0.009758145604821522,0.1934015471059358
KAC,35.17368403751667,-0.2427630516322391,-0.0848668622201566,0.09810020175342672
HLG,16.31865951782806,-0.11914893617021283,-0.04034150058855949,0.05492677532599418
CMT,8.170924257345023,-0.014851485148514865,-0.00340446791834359,0.029491452787453763
AGF,27.605820698981194,-0.20879120879120872,-0.05195041746174209,0.10771677488451713
TIC,0.07070508271446449,0.37473638567514844,0.00098227586949572,0.019854198019826443
BHS,0.4869457134950551,0.8438896013007802,0.001559602679696022,0.025205614102075856
CYC,0.4287113761149894,-0.33333333333333337,-0.00041338657829270145,0.048246247634512046
VNA,-0.010009093059323796,-0.6444444444444445,-0.0019824033309728583,0.03723717074774737
E1VFVN31,,-0.030927835051546282,-0.014903630658897327,0.05182068970147949
BGM,0.5987413983617378,-0.7212121212121212,-0.002522542945517251,0.03981074327237321
VNH,0.5099364550913673,0.1499999999999999,0.002083204845186737,0.05865125127199775
ATA,0.14911711018835602,-0.7678571428571428,-0.0031126810396676697,0.04665618098533955
VNX-ALL,,0.0,,
KSS,0.5837294701364983,-0.2727272727272727,4.419081442156714e-05,0.06026508317551997
GTT,,0.0,,
PXL,,-0.19999999999999996,-0.19999999999999996,
VLF,,-0.07692307692307698,-0.07692307692307698,
E1VFVN32,,0.0,,
VTF,-0.2997252067471204,0.03125,0.002144712863847704,0.042283203156879834
BT6,0.23551028030090576,-0.06779661016949157,-0.0010296368974401196,0.0244060667672387
NHS,0.11821031632722853,0.012820512820512997,0.0006407510195063682,0.02176380577743295
TTP,0.5674154006483252,0.04950495049504955,0.00290509045273665,0.03868612012978782
SEC,0.23216275223059213,-0.015873015873015817,-0.0017086648891110581,0.012318589260649734
PTK,,,,
KTB,,,,
VPL,,,,
HNX-INDEX,0.8089558125595737,0.6383424506447661,0.00045407123129472205,0.010814532130429377
VNINDEX,1.0000000000000004,0.5819414056246333,0.00042440880591179355,0.01063243463967781
HNX-Index,,,,
